-- INSERTS DE TESTE INSUMO
INSERT INTO INSUMO (ID, NOME, VALOR, QTDESTOQUE) VALUES (1, 'SALMÃO', 65, 100);
INSERT INTO INSUMO (ID, NOME, VALOR, QTDESTOQUE) VALUES (2, 'ARROZ', 50, 1000);
INSERT INTO INSUMO (ID, NOME, VALOR, QTDESTOQUE) VALUES (3, 'ALGA', 30, 100);
INSERT INTO INSUMO (ID, NOME, VALOR, QTDESTOQUE) VALUES (4,'CREAM CHEESE', 15, 50);

-- INSERTS DE TESTE CIDADE
INSERT INTO CIDADE (ID, NOME) VALUES (1, 'SANTA MARIA');
INSERT INTO CIDADE (ID, NOME) VALUES (2, 'FLORIANÓPOLIS');

-- INSERTS DE TESTE BAIRRO
INSERT INTO BAIRRO (ID, NOME, CIDADE_ID) VALUES (1, 'BAIRRO1 SM', 1);
INSERT INTO BAIRRO (ID, NOME, CIDADE_ID) VALUES (2, 'BAIRRO2 SM', 1);
INSERT INTO BAIRRO (ID, NOME, CIDADE_ID) VALUES (3, 'BAIRRO FL', 2);

-- INSERTS DE TESTE LOGRADOURO
INSERT INTO LOGRADOURO (ID, NOME, BAIRRO_ID) VALUES (1, 'LOGRADOURO BSM1', 1);
INSERT INTO LOGRADOURO (ID, NOME, BAIRRO_ID) VALUES (2, 'LOGRADOURO BSM2', 2);
INSERT INTO LOGRADOURO (ID, NOME, BAIRRO_ID) VALUES (3, 'LOGRADOURO1 BFL', 3);
INSERT INTO LOGRADOURO (ID, NOME, BAIRRO_ID) VALUES (4, 'LOGRADOURO2 BFL', 3);


-- INSERTS DE TESTE ENDERECO
INSERT INTO ENDERECO (ID, LOGRADOURO_ID, NUMERO, CEP, COMPLEMENTO) VALUES (1, 1, 750, '97010290', 'BL1 AP 204');
INSERT INTO ENDERECO (ID, LOGRADOURO_ID, NUMERO, CEP, COMPLEMENTO) VALUES (2, 2, 500, '97000300', '');
INSERT INTO ENDERECO (ID, LOGRADOURO_ID, NUMERO, CEP, COMPLEMENTO) VALUES (3, 3, 1003, '91002788', '');
INSERT INTO ENDERECO (ID, LOGRADOURO_ID, NUMERO, CEP, COMPLEMENTO) VALUES (4, 4, 1, '96260155', 'BLOCO 2, APARTAMENTO 30');

-- INSERTS DE TESTE CLIENTE
INSERT INTO CLIENTE (ID, NOME, CPF, ENDERECO_ID, TELEFONE) VALUES (1, 'MARIA DA SILVA', '03156484524', 1, '32123214');
INSERT INTO CLIENTE (ID, NOME, CPF, ENDERECO_ID, TELEFONE) VALUES (2, 'JOSÉ ANTÔNIO', '98456844460', 2, '05555984556791');
INSERT INTO CLIENTE (ID, NOME, CPF, ENDERECO_ID, TELEFONE) VALUES (3, 'ANA RIBEIRO', '09845678233', 3, '984756321');
INSERT INTO CLIENTE (ID, NOME, CPF, ENDERECO_ID, TELEFONE) VALUES (4, 'ROBERTO FAGUNDES', '45678915980', 4, '99984531');

-- INSERTS DE TESTE PAGAMENTO
INSERT INTO PAGAMENTO (ID, NOME) VALUES (1, 'CRÉDITO (MASTERCARD)');
INSERT INTO PAGAMENTO (ID, NOME) VALUES (2, 'DÉBITO (VISA)');

-- INSERTS DE TESTE ENCOMENDA
INSERT INTO ENCOMENDA (ID, CLIENTE_ID, DATA, HORA, PAGAMENTO_ID, STATUS_PGTO, ENTREGA, OBS) 
	VALUES (1, 1, '2021-05-01', '14:00', 1,'EM ABERTO', 'TELE','');
    

    
INSERT INTO ENCOMENDA_INSUMO (ENCOMENDA_ID, INSUMO_ID, QTD) VALUES (1, 1, 100);
INSERT INTO ENCOMENDA_INSUMO (ENCOMENDA_ID, INSUMO_ID, QTD) VALUES (1, 2, 10);

DELETE FROM ENCOMENDA_INSUMO WHERE ID = 1;
DELETE FROM INSUMO WHERE ID = 1;
DELETE FROM ENCOMENDA WHERE ID = 1;
DELETE FROM ENCOMENDA WHERE ID = 1;
CALL SP_CANCELAR_ENCOMENDA(1);
CALL SP_FINALIZAR_ENCOMENDA(1);
SELECT * FROM ENCOMENDA;
SELECT * FROM INSUMO;
SELECT * FROM HISTORICO;
SELECT * FROM ENCOMENDA_INSUMO;
select *from cidade
SELECT EI.QTD FROM ENCOMENDA_INSUMO EI WHERE EI.ID = OLD.ID